--
-- PostgreSQL database dump
--

-- Dumped from database version 12.9 (Ubuntu 12.9-2.pgdg20.04+1)
-- Dumped by pg_dump version 12.9 (Ubuntu 12.9-2.pgdg20.04+1)

SET statement_timeout = 0;
SET lock_timeout = 0;
SET idle_in_transaction_session_timeout = 0;
SET client_encoding = 'UTF8';
SET standard_conforming_strings = on;
SELECT pg_catalog.set_config('search_path', '', false);
SET check_function_bodies = false;
SET xmloption = content;
SET client_min_messages = warning;
SET row_security = off;

DROP DATABASE universe;
--
-- Name: universe; Type: DATABASE; Schema: -; Owner: freecodecamp
--

CREATE DATABASE universe WITH TEMPLATE = template0 ENCODING = 'UTF8' LC_COLLATE = 'C.UTF-8' LC_CTYPE = 'C.UTF-8';


ALTER DATABASE universe OWNER TO freecodecamp;

\connect universe

SET statement_timeout = 0;
SET lock_timeout = 0;
SET idle_in_transaction_session_timeout = 0;
SET client_encoding = 'UTF8';
SET standard_conforming_strings = on;
SELECT pg_catalog.set_config('search_path', '', false);
SET check_function_bodies = false;
SET xmloption = content;
SET client_min_messages = warning;
SET row_security = off;

SET default_tablespace = '';

SET default_table_access_method = heap;

--
-- Name: country; Type: TABLE; Schema: public; Owner: freecodecamp
--

CREATE TABLE public.country (
    country_id integer NOT NULL,
    name character varying NOT NULL,
    is_it_an_island boolean
);


ALTER TABLE public.country OWNER TO freecodecamp;

--
-- Name: country_country_id_seq; Type: SEQUENCE; Schema: public; Owner: freecodecamp
--

CREATE SEQUENCE public.country_country_id_seq
    AS integer
    START WITH 1
    INCREMENT BY 1
    NO MINVALUE
    NO MAXVALUE
    CACHE 1;


ALTER TABLE public.country_country_id_seq OWNER TO freecodecamp;

--
-- Name: country_country_id_seq; Type: SEQUENCE OWNED BY; Schema: public; Owner: freecodecamp
--

ALTER SEQUENCE public.country_country_id_seq OWNED BY public.country.country_id;


--
-- Name: galaxy; Type: TABLE; Schema: public; Owner: freecodecamp
--

CREATE TABLE public.galaxy (
    galaxy_id integer NOT NULL,
    name character varying,
    distance_mly numeric(5,3),
    solar_system boolean,
    constellation text NOT NULL
);


ALTER TABLE public.galaxy OWNER TO freecodecamp;

--
-- Name: galaxy_galaxy_id_seq; Type: SEQUENCE; Schema: public; Owner: freecodecamp
--

CREATE SEQUENCE public.galaxy_galaxy_id_seq
    AS integer
    START WITH 1
    INCREMENT BY 1
    NO MINVALUE
    NO MAXVALUE
    CACHE 1;


ALTER TABLE public.galaxy_galaxy_id_seq OWNER TO freecodecamp;

--
-- Name: galaxy_galaxy_id_seq; Type: SEQUENCE OWNED BY; Schema: public; Owner: freecodecamp
--

ALTER SEQUENCE public.galaxy_galaxy_id_seq OWNED BY public.galaxy.galaxy_id;


--
-- Name: moon; Type: TABLE; Schema: public; Owner: freecodecamp
--

CREATE TABLE public.moon (
    moon_id integer NOT NULL,
    name character varying,
    planet_id integer NOT NULL,
    distance_from_planet_megameter integer NOT NULL,
    period_days numeric(5,2) NOT NULL
);


ALTER TABLE public.moon OWNER TO freecodecamp;

--
-- Name: moon_moon_id_seq; Type: SEQUENCE; Schema: public; Owner: freecodecamp
--

CREATE SEQUENCE public.moon_moon_id_seq
    AS integer
    START WITH 1
    INCREMENT BY 1
    NO MINVALUE
    NO MAXVALUE
    CACHE 1;


ALTER TABLE public.moon_moon_id_seq OWNER TO freecodecamp;

--
-- Name: moon_moon_id_seq; Type: SEQUENCE OWNED BY; Schema: public; Owner: freecodecamp
--

ALTER SEQUENCE public.moon_moon_id_seq OWNED BY public.moon.moon_id;


--
-- Name: planet; Type: TABLE; Schema: public; Owner: freecodecamp
--

CREATE TABLE public.planet (
    planet_id integer NOT NULL,
    name character varying,
    star_id integer NOT NULL,
    radius_km integer NOT NULL,
    distance_from_sun_million_km integer NOT NULL
);


ALTER TABLE public.planet OWNER TO freecodecamp;

--
-- Name: planet_planet_id_seq; Type: SEQUENCE; Schema: public; Owner: freecodecamp
--

CREATE SEQUENCE public.planet_planet_id_seq
    AS integer
    START WITH 1
    INCREMENT BY 1
    NO MINVALUE
    NO MAXVALUE
    CACHE 1;


ALTER TABLE public.planet_planet_id_seq OWNER TO freecodecamp;

--
-- Name: planet_planet_id_seq; Type: SEQUENCE OWNED BY; Schema: public; Owner: freecodecamp
--

ALTER SEQUENCE public.planet_planet_id_seq OWNED BY public.planet.planet_id;


--
-- Name: star; Type: TABLE; Schema: public; Owner: freecodecamp
--

CREATE TABLE public.star (
    star_id integer NOT NULL,
    name character varying,
    galaxy_id integer NOT NULL,
    distance_ly integer NOT NULL,
    size_related_to_the_sun integer NOT NULL
);


ALTER TABLE public.star OWNER TO freecodecamp;

--
-- Name: star_star_id_seq; Type: SEQUENCE; Schema: public; Owner: freecodecamp
--

CREATE SEQUENCE public.star_star_id_seq
    AS integer
    START WITH 1
    INCREMENT BY 1
    NO MINVALUE
    NO MAXVALUE
    CACHE 1;


ALTER TABLE public.star_star_id_seq OWNER TO freecodecamp;

--
-- Name: star_star_id_seq; Type: SEQUENCE OWNED BY; Schema: public; Owner: freecodecamp
--

ALTER SEQUENCE public.star_star_id_seq OWNED BY public.star.star_id;


--
-- Name: country country_id; Type: DEFAULT; Schema: public; Owner: freecodecamp
--

ALTER TABLE ONLY public.country ALTER COLUMN country_id SET DEFAULT nextval('public.country_country_id_seq'::regclass);


--
-- Name: galaxy galaxy_id; Type: DEFAULT; Schema: public; Owner: freecodecamp
--

ALTER TABLE ONLY public.galaxy ALTER COLUMN galaxy_id SET DEFAULT nextval('public.galaxy_galaxy_id_seq'::regclass);


--
-- Name: moon moon_id; Type: DEFAULT; Schema: public; Owner: freecodecamp
--

ALTER TABLE ONLY public.moon ALTER COLUMN moon_id SET DEFAULT nextval('public.moon_moon_id_seq'::regclass);


--
-- Name: planet planet_id; Type: DEFAULT; Schema: public; Owner: freecodecamp
--

ALTER TABLE ONLY public.planet ALTER COLUMN planet_id SET DEFAULT nextval('public.planet_planet_id_seq'::regclass);


--
-- Name: star star_id; Type: DEFAULT; Schema: public; Owner: freecodecamp
--

ALTER TABLE ONLY public.star ALTER COLUMN star_id SET DEFAULT nextval('public.star_star_id_seq'::regclass);


--
-- Data for Name: country; Type: TABLE DATA; Schema: public; Owner: freecodecamp
--

INSERT INTO public.country VALUES (1, 'Portugal', false);
INSERT INTO public.country VALUES (2, 'France', false);
INSERT INTO public.country VALUES (3, 'Spain', false);


--
-- Data for Name: galaxy; Type: TABLE DATA; Schema: public; Owner: freecodecamp
--

INSERT INTO public.galaxy VALUES (1, 'Milky Way', 0.000, true, 'Sagittarius');
INSERT INTO public.galaxy VALUES (2, 'Canis Major Dwarf', 0.025, false, 'Canis Major');
INSERT INTO public.galaxy VALUES (3, 'Virgo Stellar Stream', 0.030, false, 'Virgo');
INSERT INTO public.galaxy VALUES (4, 'Sagittarius Dwarf Elliptical', 0.081, false, 'Sagittarius');
INSERT INTO public.galaxy VALUES (5, 'Large Magellanic Cloud', 0.163, false, 'Dorado/Mensa');
INSERT INTO public.galaxy VALUES (6, 'Small Magellanic Cloud', 0.197, false, 'Tucana');


--
-- Data for Name: moon; Type: TABLE DATA; Schema: public; Owner: freecodecamp
--

INSERT INTO public.moon VALUES (1, 'Moon', 7, 384, 27.32);
INSERT INTO public.moon VALUES (2, 'Phobos', 8, 9, 0.32);
INSERT INTO public.moon VALUES (3, 'Deimos', 8, 23, 1.26);
INSERT INTO public.moon VALUES (4, 'Metis', 9, 128, 0.29);
INSERT INTO public.moon VALUES (5, 'Adrastea', 9, 129, 0.30);
INSERT INTO public.moon VALUES (6, 'Amalthea', 9, 181, 0.50);
INSERT INTO public.moon VALUES (7, 'Thebe', 9, 222, 0.67);
INSERT INTO public.moon VALUES (8, 'Io', 9, 422, 1.77);
INSERT INTO public.moon VALUES (9, 'Europa', 9, 671, 3.55);
INSERT INTO public.moon VALUES (10, 'Ganymede', 9, 7, 0.19);
INSERT INTO public.moon VALUES (11, 'Callisto', 9, 1883, 16.69);
INSERT INTO public.moon VALUES (12, 'Leda', 9, 11094, 238.72);
INSERT INTO public.moon VALUES (13, 'Himalia', 9, 11480, 250.57);
INSERT INTO public.moon VALUES (14, 'Lysithea', 9, 11720, 259.22);
INSERT INTO public.moon VALUES (15, 'Pan', 10, 134, 0.58);
INSERT INTO public.moon VALUES (16, 'Atlas', 10, 138, 0.60);
INSERT INTO public.moon VALUES (17, 'Prometheus', 10, 139, 0.61);
INSERT INTO public.moon VALUES (18, 'Pandora', 10, 142, 0.63);
INSERT INTO public.moon VALUES (19, 'Epimetheus', 10, 151, 0.69);
INSERT INTO public.moon VALUES (20, 'Janus', 10, 151, 0.69);


--
-- Data for Name: planet; Type: TABLE DATA; Schema: public; Owner: freecodecamp
--

INSERT INTO public.planet VALUES (1, 'Ceres', 1, 473, 413);
INSERT INTO public.planet VALUES (2, 'Pluto', 1, 1188, 5900);
INSERT INTO public.planet VALUES (3, 'Makemake', 1, 715, 6847);
INSERT INTO public.planet VALUES (4, 'Haumea', 1, 816, 6452);
INSERT INTO public.planet VALUES (5, 'Mercury', 1, 2440, 58);
INSERT INTO public.planet VALUES (6, 'Venus', 1, 6052, 108);
INSERT INTO public.planet VALUES (8, 'Mars', 1, 3390, 228);
INSERT INTO public.planet VALUES (9, 'Jupiter', 1, 699110, 778);
INSERT INTO public.planet VALUES (10, 'Saturn', 1, 58232, 1400);
INSERT INTO public.planet VALUES (11, 'Uranus', 1, 25362, 2900);
INSERT INTO public.planet VALUES (12, 'Neptun', 1, 24622, 4500);
INSERT INTO public.planet VALUES (7, 'Earth', 1, 6371, 150);


--
-- Data for Name: star; Type: TABLE DATA; Schema: public; Owner: freecodecamp
--

INSERT INTO public.star VALUES (1, 'UY Scuti', 1, 5219, 1700);
INSERT INTO public.star VALUES (2, 'VY Canis Majoris', 1, 3900, 1420);
INSERT INTO public.star VALUES (3, 'RW Cephei', 1, 3500, 1535);
INSERT INTO public.star VALUES (4, 'V354 Cephei', 1, 9000, 1520);
INSERT INTO public.star VALUES (5, 'KY Cygni', 1, 1420, 5000);
INSERT INTO public.star VALUES (6, 'Mu Cephei', 1, 6000, 1260);


--
-- Name: country_country_id_seq; Type: SEQUENCE SET; Schema: public; Owner: freecodecamp
--

SELECT pg_catalog.setval('public.country_country_id_seq', 3, true);


--
-- Name: galaxy_galaxy_id_seq; Type: SEQUENCE SET; Schema: public; Owner: freecodecamp
--

SELECT pg_catalog.setval('public.galaxy_galaxy_id_seq', 6, true);


--
-- Name: moon_moon_id_seq; Type: SEQUENCE SET; Schema: public; Owner: freecodecamp
--

SELECT pg_catalog.setval('public.moon_moon_id_seq', 20, true);


--
-- Name: planet_planet_id_seq; Type: SEQUENCE SET; Schema: public; Owner: freecodecamp
--

SELECT pg_catalog.setval('public.planet_planet_id_seq', 12, true);


--
-- Name: star_star_id_seq; Type: SEQUENCE SET; Schema: public; Owner: freecodecamp
--

SELECT pg_catalog.setval('public.star_star_id_seq', 6, true);


--
-- Name: country country_name_key; Type: CONSTRAINT; Schema: public; Owner: freecodecamp
--

ALTER TABLE ONLY public.country
    ADD CONSTRAINT country_name_key UNIQUE (name);


--
-- Name: country country_pkey; Type: CONSTRAINT; Schema: public; Owner: freecodecamp
--

ALTER TABLE ONLY public.country
    ADD CONSTRAINT country_pkey PRIMARY KEY (country_id);


--
-- Name: galaxy galaxy_name_key; Type: CONSTRAINT; Schema: public; Owner: freecodecamp
--

ALTER TABLE ONLY public.galaxy
    ADD CONSTRAINT galaxy_name_key UNIQUE (name);


--
-- Name: galaxy galaxy_pkey; Type: CONSTRAINT; Schema: public; Owner: freecodecamp
--

ALTER TABLE ONLY public.galaxy
    ADD CONSTRAINT galaxy_pkey PRIMARY KEY (galaxy_id);


--
-- Name: moon moon_name_key; Type: CONSTRAINT; Schema: public; Owner: freecodecamp
--

ALTER TABLE ONLY public.moon
    ADD CONSTRAINT moon_name_key UNIQUE (name);


--
-- Name: moon moon_pkey; Type: CONSTRAINT; Schema: public; Owner: freecodecamp
--

ALTER TABLE ONLY public.moon
    ADD CONSTRAINT moon_pkey PRIMARY KEY (moon_id);


--
-- Name: planet planet_name_key; Type: CONSTRAINT; Schema: public; Owner: freecodecamp
--

ALTER TABLE ONLY public.planet
    ADD CONSTRAINT planet_name_key UNIQUE (name);


--
-- Name: planet planet_pkey; Type: CONSTRAINT; Schema: public; Owner: freecodecamp
--

ALTER TABLE ONLY public.planet
    ADD CONSTRAINT planet_pkey PRIMARY KEY (planet_id);


--
-- Name: star star_name_key; Type: CONSTRAINT; Schema: public; Owner: freecodecamp
--

ALTER TABLE ONLY public.star
    ADD CONSTRAINT star_name_key UNIQUE (name);


--
-- Name: star star_pkey; Type: CONSTRAINT; Schema: public; Owner: freecodecamp
--

ALTER TABLE ONLY public.star
    ADD CONSTRAINT star_pkey PRIMARY KEY (star_id);


--
-- Name: moon moon_planet_id_fkey; Type: FK CONSTRAINT; Schema: public; Owner: freecodecamp
--

ALTER TABLE ONLY public.moon
    ADD CONSTRAINT moon_planet_id_fkey FOREIGN KEY (planet_id) REFERENCES public.planet(planet_id);


--
-- Name: planet planet_star_id_fkey; Type: FK CONSTRAINT; Schema: public; Owner: freecodecamp
--

ALTER TABLE ONLY public.planet
    ADD CONSTRAINT planet_star_id_fkey FOREIGN KEY (star_id) REFERENCES public.star(star_id);


--
-- Name: star star_galaxy_id_fkey; Type: FK CONSTRAINT; Schema: public; Owner: freecodecamp
--

ALTER TABLE ONLY public.star
    ADD CONSTRAINT star_galaxy_id_fkey FOREIGN KEY (galaxy_id) REFERENCES public.galaxy(galaxy_id);


--
-- PostgreSQL database dump complete
--

